table,id,code,name_de,name_en_draft,note
category,1,0,PERSÖNLICHE PFLEGE,PERSONAL CARE,
category,2,1,ERWERBSTÄTIGKEIT,EMPLOYMENT,
category,3,2,STUDIUM / AUSBILDUNG,STUDY / EDUCATION,
category,4,3,HAUSHALT UND FAMILIENARBEIT,HOUSEHOLD AND FAMILY CARE,
category,5,4,FREIWILLIGENARBEIT UND TREFFEN,VOLUNTARY WORK AND MEETINGS,
category,6,5,SOZIALES LEBEN UND UNTERHALTUNG,SOCIAL LIFE AND ENTERTAINMENT,
category,7,6,SPORT UND AKTIVITÄTEN IM FREIEN,SPORTS AND OUTDOOR ACTIVITIES,
category,8,7,HOBBYS,HOBBIES,
category,9,8,MASSENMEDIEN,MASS MEDIA,
category,10,9,WEGEZEITEN UND NICHT SPEZIFIZIERTE ZEITNUTZUNG,TRAVEL AND UNSPECIFIED TIME USE,
subcategory,1,01,SCHLAFEN,SLEEPING,
subcategory,2,02,ESSEN,EATING,
subcategory,3,03,SONSTIGE PERSÖNLICHE PFLEGE,OTHER PERSONAL CARE,
subcategory,4,11,HAUPTJOB UND ZWEITJOB,MAIN AND SECOND JOB,
subcategory,5,12,TÄTIGKEITEN IM ZUSAMMENHANG MIT DER ERWERBSTÄTIGKEIT,ACTIVITIES RELATED TO EMPLOYMENT,
subcategory,6,21,SCHULE ODER UNIVERSITÄT,SCHOOL OR UNIVERSITY,
subcategory,7,22,STUDIUM IN DER FREIZEIT,STUDY DURING FREE TIME,HETUS subcategory wording for this may differ slightly from official source; direct translation used
subcategory,8,30,NICHT NÄHER BEZEICHNETE HAUSHALTS- UND FAMILIENARBEIT,UNSPECIFIED HOUSEHOLD AND FAMILY CARE,
subcategory,9,31,NAHRUNGSMITTELMANAGEMENT,FOOD MANAGEMENT,
subcategory,10,32,HAUSHALTSPFLEGE,HOUSEHOLD UPKEEP,
subcategory,11,33,TEXTILPFLEGE,CLOTHING CARE,
subcategory,12,34,GARTENARBEIT UND TIERPFLEGE,GARDENING AND PET CARE,
subcategory,13,35,BAUARBEITEN UND REPARATUREN,CONSTRUCTION AND REPAIRS,
subcategory,14,36,EINKAUF UND DIENSTLEISTUNGEN,SHOPPING AND SERVICES,
subcategory,15,37,HAUSHALTSMANAGEMENT,HOUSEHOLD MANAGEMENT,
subcategory,16,38,KINDERBETREUUNG,CHILDCARE,
subcategory,17,39,HILFE FÜR EIN ERWACHSENES HAUSHALTSMITGLIED,HELP TO AN ADULT HOUSEHOLD MEMBER,
subcategory,18,41,ORGANISATIONSARBEIT,ORGANISATIONAL WORK,
subcategory,19,42,INFORMELLE HILFE FÜR ANDERE HAUSHALTE,INFORMAL HELP TO OTHER HOUSEHOLDS,
subcategory,20,43,TEILNAHME AN TREFFEN UND RELIGIÖSE AKTIVITÄTEN,PARTICIPATION IN MEETINGS AND RELIGIOUS ACTIVITIES,
subcategory,21,51,SOZIALES LEBEN,SOCIAL LIFE,
subcategory,22,52,UNTERHALTUNG UND KULTUR,ENTERTAINMENT AND CULTURE,
subcategory,23,53,AUSRUHEN,RESTING,
subcategory,24,61,KÖRPERLICHE BETÄTIGUNG,PHYSICAL EXERCISE,
subcategory,25,62,PRODUKTIVE FREIZEITAKTIVITÄTEN,PRODUCTIVE EXERCISE,"Direct translation of an unusual German term („produktive Freizeitaktivitäten“, e.g. hunting/fishing/foraging under activity 621) — worth a native-speaker sanity check"
subcategory,26,63,SPORTBEZOGENE AKTIVITÄTEN,SPORTS-RELATED ACTIVITIES,
subcategory,27,71,KUNST UND KREATIVE HOBBYS,ARTS AND CREATIVE HOBBIES,
subcategory,28,72,COMPUTERAKTIVITÄTEN,COMPUTER ACTIVITIES,
subcategory,29,73,SPIELE,GAMES,
subcategory,30,81,LESEN,READING,
subcategory,31,82,FERNSEHEN / VIDEO / DVD,TV / VIDEO / DVD,
subcategory,32,83,RADIO UND AUDIO,RADIO AND AUDIO,
subcategory,33,90,WEGEZEITEN UND NICHT SPEZIFIZIERTE ZEITNUTZUNG,TRAVEL AND UNSPECIFIED TIME USE,
activity,1,011,Schlafen,Sleeping,
activity,2,012,Krank im Bett,Sick in bed,
activity,3,021,Essen,Eating,
activity,4,031,Waschen und Anziehen,Washing and dressing,
activity,5,032,Dienstleistungen der persönlichen Pflege,Personal care services,
activity,6,039,Sonstige oder nicht näher bezeichnete persönliche Pflege,Other or unspecified personal care,
activity,7,111,Arbeitszeit im Haupt- und Zweitjob (inkl. kurze Pausen und dienstliche Wege),Working time in main and second job (incl. short breaks and business travel),
activity,8,121,Mittagspause im Haupt- oder Zweitjob,Lunch break in main or second job,
activity,9,129,Sonstige oder nicht näher bezeichnete Tätigkeiten im Zusammenhang mit Erwerbstätigkeit,Other or unspecified activities related to employment,
activity,10,211,Unterricht und Vorlesungen,Classes and lectures,
activity,11,212,Hausaufgaben,Homework,
activity,12,213,Praktikum,Internship,
activity,13,214,Pausen in Schule / Universität,Breaks at school / university,
activity,14,215,Außerschulische Kurse,Extracurricular courses,
activity,15,219,Sonstige oder nicht näher bezeichnete studienbezogene Tätigkeiten,Other or unspecified study-related activities,
activity,16,221,Lernen / Weiterbildung in der Freizeit,Learning / further education in free time,
activity,17,300,Nicht näher bezeichnete Haushalts- und Familienarbeit,Unspecified household and family care,
activity,18,311,Kochen und Zubereiten von Speisen,Cooking and preparing food,
activity,19,312,Geschirr spülen,Washing dishes,
activity,20,313,"Lebensmittel lagern, ordnen und haltbar machen","Storing, organising and preserving food",
activity,21,321,Wohnung reinigen,Cleaning the home,
activity,22,322,Garten reinigen,Cleaning the garden / yard,
activity,23,323,Heizen der Wohnung und Warmwasserbereitung,Heating the home and water heating,
activity,24,324,Haushaltsgegenstände ordnen und organisieren,Organising household items,
activity,25,325,Recycling und Müllentsorgung,Recycling and waste disposal,
activity,26,329,Sonstige oder nicht näher bezeichnete Haushaltspflege,Other or unspecified household upkeep,
activity,27,331,Wäsche waschen,Washing clothes,
activity,28,332,Bügeln,Ironing,
activity,29,339,Sonstige oder nicht näher bezeichnete Textilpflege,Other or unspecified clothing care,
activity,30,341,Gartenarbeit,Gardening,
activity,31,342,Versorgung von Nutztieren,Caring for farm animals,
activity,32,343,Pflege von Haustieren,Caring for pets,
activity,33,344,Hund ausführen,Walking the dog,
activity,34,349,Sonstige oder nicht näher bezeichnete Garten- und Tierpflege,Other or unspecified garden and pet care,
activity,35,351,Hausbau und Renovierung,House building and renovation,
activity,36,352,Reparaturen am Wohngebäude,Repairs to the home,
activity,37,353,"Herstellen, Reparieren und Warten von Geräten","Making, repairing and maintaining equipment",
activity,38,354,Fahrzeugwartung,Vehicle maintenance,
activity,39,359,Sonstige oder nicht näher bezeichnete Bau- und Reparaturarbeiten,Other or unspecified construction and repair work,
activity,40,361,Einkaufen (inkl. Online-Shopping),Shopping (incl. online shopping),
activity,41,362,Kommerzielle und administrative Dienstleistungen,Commercial and administrative services,
activity,42,369,Sonstige oder nicht näher bezeichnete Einkäufe und Dienstleistungen,Other or unspecified shopping and services,
activity,43,371,Haushaltsorganisation und -planung,Household organisation and planning,
activity,44,381,Körperliche Pflege und Beaufsichtigung von Kindern,Physical care and supervision of children,
activity,45,382,Kind unterrichten / Hausaufgaben helfen,Teaching a child / helping with homework,
activity,46,383,"Mit Kindern lesen, spielen oder sprechen","Reading, playing or talking with children",
activity,47,384,Kind begleiten,Accompanying a child,
activity,48,389,Sonstige oder nicht näher bezeichnete Kinderbetreuung,Other or unspecified childcare,
activity,49,391,Körperliche Pflege eines erwachsenen Haushaltsmitglieds,Physical care of an adult household member,
activity,50,392,Sonstige Unterstützung eines erwachsenen Haushaltsmitglieds,Other support for an adult household member,
activity,51,411,Arbeit für oder über eine Organisation,Work for or through an organisation,
activity,52,421,Bau- oder Reparaturhilfe,Construction or repair help,
activity,53,422,Hilfe bei Erwerbstätigkeit oder Landwirtschaft,Help with employment or farming,
activity,54,423,Betreuung eigener Kinder in einem anderen Haushalt,Caring for your own children in another household,
activity,55,424,Kinderbetreuung als Hilfe für einen anderen Haushalt,Childcare as help for another household,
activity,56,425,Hilfe für eine erwachsene Person in einem anderen Haushalt,Help for an adult in another household,
activity,57,429,Sonstige informelle Hilfe für andere Haushalte,Other informal help for other households,
activity,58,431,Treffen / Versammlungen,Meetings / gatherings,
activity,59,432,Religiöse Aktivitäten,Religious activities,
activity,60,433,Friedhofsbesuche und Grabpflege,Cemetery visits and grave maintenance,
activity,61,439,Sonstige oder nicht näher bezeichnete Beteiligungsaktivitäten,Other or unspecified participatory activities,
activity,62,511,Zeit mit Familie verbringen,Spending time with family,
activity,63,512,Besuche machen oder Besucher empfangen,Visiting or receiving visitors,
activity,64,513,Feiern und Feste,Celebrations and parties,
activity,65,514,Audio- oder Videogespräche,Audio or video calls,
activity,66,515,"Kommunikation per Textnachricht (SMS, E-Mail, Messenger)","Text-based communication (SMS, email, messenger)",
activity,67,516,Nutzung sozialer Medien,Using social media,
activity,68,519,Sonstiges soziales Leben,Other social life,
activity,69,521,Kino,Cinema,
activity,70,522,Theater und Konzerte,Theatre and concerts,
activity,71,523,Kunstmuseen und Ausstellungen,Art museums and exhibitions,
activity,72,524,Bibliothek,Library,
activity,73,525,Besuch von Sportveranstaltungen,Attending sports events,
activity,74,526,"Zoo, botanische Gärten, Naturreservate","Zoo, botanical gardens, nature reserves",
activity,75,529,Sonstige Unterhaltung und Kultur,Other entertainment and culture,
activity,76,531,Ausruhen / Entspannen,Resting / relaxing,
activity,77,611,Spazierengehen und Wandern,Walking and hiking,
activity,78,612,Joggen und Laufen,Jogging and running,
activity,79,613,"Radfahren, Skifahren und Schlittschuhlaufen","Cycling, skiing and ice skating",
activity,80,614,Ballsportarten,Ball sports,
activity,81,615,Gymnastik und Fitness,Gymnastics and fitness,
activity,82,616,Wassersport,Water sports,
activity,83,619,Sonstige Sport- oder Outdooraktivitäten,Other sports or outdoor activities,
activity,84,621,"Produktive Aktivitäten (z. B. Jagen, Angeln, Beeren oder Pilze sammeln)","Productive activities (e.g. hunting, fishing, picking berries or mushrooms)",
activity,85,631,Sportbezogene Aktivitäten,Sports-related activities,
activity,86,711,"Kunst (bildend, darstellend, literarisch)","Arts (visual, performing, literary)",
activity,87,712,Sammeln,Collecting,
activity,88,713,Handarbeiten / Handwerk herstellen,Handicrafts / craftwork,
activity,89,719,Sonstige Hobbys,Other hobbies,
activity,90,721,Programmieren / Computer nutzen als Hobby,Programming / using a computer as a hobby,
activity,91,722,Informationssuche im Internet,Searching for information online,
activity,92,729,Sonstige Computeraktivitäten,Other computer activities,
activity,93,731,Einzelspiele und Glücksspiel,Solitary games and gambling,
activity,94,732,Gesellschaftsspiele,Board games,
activity,95,733,Computerspiele,Computer games,
activity,96,734,Konsolenspiele,Console games,
activity,97,735,Mobile Spiele (Smartphone / Tablet),Mobile games (smartphone / tablet),
activity,98,739,Sonstige Spiele,Other games,
activity,99,811,Zeitungen und Zeitschriften lesen,Reading newspapers and magazines,
activity,100,812,Bücher lesen,Reading books,
activity,101,819,Sonstiges Lesen,Other reading,
activity,102,821,"Fernsehen, Video oder DVD schauen","Watching TV, video or DVD",
activity,103,831,Radio hören oder Musikaufnahmen hören,Listening to the radio or music recordings,
activity,104,910,Weg zur / von der Arbeit,Travel to / from work,
activity,105,920,Wege im Zusammenhang mit Studium,Travel related to study,
activity,106,936,Wege im Zusammenhang mit Einkaufen und Dienstleistungen,Travel related to shopping and services,
activity,107,938,Wege im Zusammenhang mit Kinderbetreuung,Travel related to childcare,
activity,108,939,Wege im Zusammenhang mit Haushaltsarbeit,Travel related to household work,
activity,109,940,Wege im Zusammenhang mit freiwilliger Arbeit,Travel related to voluntary work,
activity,110,950,Wege im Zusammenhang mit sozialem Leben,Travel related to social life,
activity,111,960,Wege im Zusammenhang mit Freizeitaktivitäten,Travel related to leisure activities,
activity,112,980,Reisen im Zusammenhang mit Ortswechsel (z. B. Urlaub),Travel involving a change of location (e.g. holiday),"German „Ortswechsel“ is ambiguous — could mean travel/trip in the vacation sense, or relocation/moving house. Confirm intended meaning before finalizing."
activity,113,900,Sonstige oder nicht näher bezeichnete Wege,Other or unspecified travel,
activity,114,995,Ausfüllen des Zeitverwendungs-Tagebuchs,Filling in the time-use diary,
activity,115,998,Nicht näher bezeichnete Freizeit,Unspecified leisure time,
activity,116,999,Sonstige nicht näher bezeichnete Zeitnutzung,Other unspecified time use,
satisfaction,1,1,sehr gut,very good,
satisfaction,3,3,mittelmässig,average,"„mittelmässig“ sits between “average” and “mediocre” in tone — picked “average” to keep the 5-point scale neutral, confirm it matches the mood of the other 4 labels"
satisfaction,4,4,schlecht,bad,
satisfaction,5,5,sehr schlecht,very bad,
satisfaction,2,2,gut,good,
location_transport,2,10,Nicht spezifizierter Ort (keine Reise),Unspecified location (not travelling),
location_transport,3,11,Zuhause,Home,
location_transport,4,12,Wochenendhaus oder Ferienwohnung,Weekend house or holiday apartment,
location_transport,5,13,Arbeitsplatz,Workplace,
location_transport,6,14,Zuhause anderer Personen,Someone else's home,
location_transport,7,15,"Restaurant, Café oder Bar","Restaurant, café or bar",
location_transport,8,16,"Einkaufszentrum, Markt oder andere Geschäfte","Shopping centre, market or other shops",
location_transport,9,17,"Hotel, Pension oder Campingplatz","Hotel, guesthouse or campsite",
location_transport,10,18,Schule/Universität,School / university,
location_transport,11,19,Anderer spezifizierter Ort (keine Reise),Other specified location (not travelling),
location_transport,12,20,Nicht spezifizierter Transportmodus,Unspecified mode of transport,
location_transport,14,22,Fahrrad,Bicycle,
location_transport,15,23,"Moped, Motorrad oder Motorboot","Moped, motorcycle or motorboat",
location_transport,16,24,Pkw / Auto,Car,
location_transport,17,29,Sonstiger oder nicht spezifizierter privater Transportmodus,Other or unspecified private mode of transport,
location_transport,18,31,Öffentlicher Verkehr,Public transport,
location_transport,13,21,Zu Fuss,On foot,
location_transport,1,0,Nicht spezifizierter Ort oder Transportmittel,Unspecified location or means of transport,
social_context,1,1,"Alleine (auch mit unbekannten Personen, z.B. allein in einer Menschenmenge)","Alone (including with strangers, e.g. alone in a crowd)",
social_context,2,2,Partner / Ehepartner,Partner / spouse,
social_context,3,3,Eltern (Mutter oder Vater),Parents (mother or father),
social_context,4,4,Haushaltsmitglied bis 9 Jahre,Household member up to 9 years old,
social_context,5,5,Andere Haushaltsmitglieder,Other household members,
social_context,6,6,"Andere bekannte Personen (Freunde, Kollegen, Bekannte usw.)","Other people you know (friends, colleagues, acquaintances, etc.)",
digital_media_type,1,0,Kein IT-Hilfsmittel,No digital device,
digital_media_type,2,1,Smartphone,Smartphone,
digital_media_type,3,2,Computer / Laptop,Computer / laptop,
digital_media_type,4,3,Tablet,Tablet,
digital_media_type,5,4,Smart TV / Streaminggerät,Smart TV / streaming device,
digital_media_type,6,5,Spielkonsole,Game console,
digital_media_type,7,6,Smartwatch / Wearable,Smartwatch / wearable,
digital_media_type,8,9,Unbekannt / keine Angabe,Unknown / no answer,
gender,1,1,Männlich,Male,
gender,2,2,Weiblich,Female,
gender,3,3,Andere / divers,Other / non-binary,German „Andere / divers“ maps to the German legal third-gender category; used “Other / non-binary” as the common English survey phrasing — confirm this is the preferred wording
gender,4,9,Keine Angabe,Prefer not to say,Stylistic choice over a literal “No answer” — flag if you'd rather keep it literal for consistency with other tables' „Keine Angabe“
marital_status,2,2,Verheiratet,Married,
marital_status,4,4,Geschieden,Divorced,
marital_status,3,3,Eingetragene Partnerschaft,Registered partnership,
marital_status,5,5,Verwitwet,Widowed,
marital_status,1,1,Ledig,Single,
marital_status,6,6,Getrennt lebend,Separated,
education_level,1,1,Keine formale Ausbildung,No formal education,
education_level,2,2,Primarschule,Primary school,
education_level,3,3,Sekundarstufe I,Lower secondary education,
education_level,4,4,Sekundarstufe II (Berufsbildung / Gymnasium),Upper secondary education (vocational training / academic high school),"„Gymnasium“ has no single-word English equivalent (“grammar school” in UK English, “academic high school” more neutral) — confirm preferred wording"
education_level,5,5,Tertiärstufe (Bachelor / FH / Universität),Tertiary education (Bachelor's / university of applied sciences / university),„FH“ (Fachhochschule) translated as “university of applied sciences” — confirm this is the preferred English term over alternatives like “polytechnic”
occupational_status,1,1,Angestellte / Angestellter,Employee,
occupational_status,2,2,Selbstständig ohne Angestellte,Self-employed without employees,
occupational_status,3,3,Selbstständig mit Angestellten,Self-employed with employees,
occupational_status,4,4,Mithelfendes Familienmitglied,Family worker,„Mithelfendes Familienmitglied“ is standard labour-statistics terminology (“contributing family worker” in ILO usage) — flagging in case you want the fuller official term instead of the shorter “Family worker”
employment_status,1,1,Erwerbstätig (Vollzeit),Employed (full-time),
employment_status,2,2,Erwerbstätig (Teilzeit),Employed (part-time),
employment_status,3,3,Selbstständig,Self-employed,
employment_status,4,4,Arbeitslos,Unemployed,
employment_status,5,5,Schüler / Student,Pupil / student,
employment_status,6,6,Pensioniert,Retired,
employment_status,7,7,Hausarbeit / Betreuung,Homemaker / caregiving,
employment_status,8,8,Dauerhaft arbeitsunfähig,Permanently unable to work,
employment_status,9,9,Sonstiges,Other,
main_workplace,1,1,Arbeitsplatz ausserhalb des Hauses,Workplace outside the home,
main_workplace,2,2,Zuhause (Homeoffice),Home (home office),
main_workplace,3,3,Wechselnde Arbeitsorte,Varying work locations,
main_workplace,4,4,Kein Arbeitsplatz (nicht erwerbstätig),No workplace (not employed),
health_status,1,1,Sehr gut,Very good,
health_status,2,2,Gut,Good,
health_status,3,3,Mittel,Fair,„Mittel“ translated as “Fair” to match the standard EU self-rated-health survey scale (Very good / Good / Fair / Bad / Very bad) rather than a literal “Medium”
health_status,4,4,Schlecht,Bad,
health_status,5,5,Sehr schlecht,Very bad,
nationality,1,AF,Afghanistan,Afghanistan,
nationality,4,AD,Andorra,Andorra,
nationality,5,AO,Angola,Angola,
nationality,11,BH,Bahrain,Bahrain,
nationality,13,BY,Belarus,Belarus,
nationality,15,BZ,Belize,Belize,
nationality,16,BJ,Benin,Benin,
nationality,17,BT,Bhutan,Bhutan,
nationality,22,BN,Brunei,Brunei,
nationality,24,BF,Burkina Faso,Burkina Faso,
nationality,25,BI,Burundi,Burundi,
nationality,32,CL,Chile,Chile,
nationality,33,CN,China,China,
nationality,38,CR,Costa Rica,Costa Rica,
nationality,46,EC,Ecuador,Ecuador,
nationality,48,SV,El Salvador,El Salvador,
nationality,50,ER,Eritrea,Eritrea,
nationality,56,GM,Gambia,Gambia,
nationality,59,GH,Ghana,Ghana,
nationality,61,GT,Guatemala,Guatemala,
nationality,62,GN,Guinea,Guinea,
nationality,63,GW,Guinea-Bissau,Guinea-Bissau,
nationality,64,GY,Guyana,Guyana,
nationality,65,HT,Haiti,Haiti,
nationality,66,HN,Honduras,Honduras,
nationality,71,IR,Iran,Iran,
nationality,74,IL,Israel,Israel,
nationality,77,JP,Japan,Japan,
nationality,81,KW,Kuwait,Kuwait,
nationality,83,LA,Laos,Laos,
nationality,86,LS,Lesotho,Lesotho,
nationality,87,LR,Liberia,Liberia,
nationality,89,LI,Liechtenstein,Liechtenstein,
nationality,93,MW,Malawi,Malawi,
nationality,94,MY,Malaysia,Malaysia,
nationality,96,ML,Mali,Mali,
nationality,97,MT,Malta,Malta,
nationality,99,MU,Mauritius,Mauritius,
nationality,102,MC,Monaco,Monaco,
nationality,104,ME,Montenegro,Montenegro,
nationality,107,MM,Myanmar,Myanmar,
nationality,108,NA,Namibia,Namibia,
nationality,109,NP,Nepal,Nepal,
nationality,112,NI,Nicaragua,Nicaragua,
nationality,113,NE,Niger,Niger,
nationality,114,NG,Nigeria,Nigeria,
nationality,118,OM,Oman,Oman,
nationality,119,PK,Pakistan,Pakistan,
nationality,120,PA,Panama,Panama,
nationality,122,PY,Paraguay,Paraguay,
nationality,123,PE,Peru,Peru,
nationality,126,PT,Portugal,Portugal,
nationality,132,SN,Senegal,Senegal,
nationality,135,SL,Sierra Leone,Sierra Leone,
nationality,139,SO,Somalia,Somalia,
nationality,143,LK,Sri Lanka,Sri Lanka,
nationality,144,SD,Sudan,Sudan,
nationality,148,TW,Taiwan,Taiwan,
nationality,151,TH,Thailand,Thailand,
nationality,152,TG,Togo,Togo,
nationality,155,TM,Turkmenistan,Turkmenistan,
nationality,156,UG,Uganda,Uganda,
nationality,157,UA,Ukraine,Ukraine,
nationality,161,UY,Uruguay,Uruguay,
nationality,163,VE,Venezuela,Venezuela,
nationality,164,VN,Vietnam,Vietnam,
nationality,2,AL,Albanien,Albania,
nationality,3,DZ,Algerien,Algeria,
nationality,6,AR,Argentinien,Argentina,
nationality,7,AM,Armenien,Armenia,
nationality,8,AU,Australien,Australia,
nationality,9,AT,Österreich,Austria,
nationality,10,AZ,Aserbaidschan,Azerbaijan,
nationality,14,BE,Belgien,Belgium,
nationality,12,BD,Bangladesch,Bangladesh,
nationality,18,BO,Bolivien,Bolivia,
nationality,19,BA,Bosnien und Herzegowina,Bosnia and Herzegovina,
nationality,20,BW,Botsuana,Botswana,
nationality,21,BR,Brasilien,Brazil,
nationality,23,BG,Bulgarien,Bulgaria,
nationality,29,CV,Kap Verde,Cape Verde,
nationality,26,KH,Kambodscha,Cambodia,
nationality,27,CM,Kamerun,Cameroon,
nationality,28,CA,Kanada,Canada,
nationality,30,CF,Zentralafrikanische Republik,Central African Republic,
nationality,31,TD,Tschad,Chad,
nationality,34,CO,Kolumbien,Colombia,
nationality,35,KM,Komoren,Comoros,
nationality,36,CG,Republik Kongo,Republic of the Congo,
nationality,37,CD,Demokratische Republik Kongo,Democratic Republic of the Congo,
nationality,39,HR,Kroatien,Croatia,
nationality,40,CU,Kuba,Cuba,
nationality,41,CY,Zypern,Cyprus,
nationality,42,CZ,Tschechien,Czechia,
nationality,43,DK,Dänemark,Denmark,
nationality,44,DJ,Dschibuti,Djibouti,
nationality,45,DO,Dominikanische Republik,Dominican Republic,
nationality,47,EG,Ägypten,Egypt,
nationality,49,GQ,Äquatorialguinea,Equatorial Guinea,
nationality,51,EE,Estland,Estonia,
nationality,52,ET,Athiopien,Ethiopia,
nationality,53,FI,Finnland,Finland,
nationality,54,FR,Frankreich,France,
nationality,55,GA,Gabun,Gabon,
nationality,57,GE,Georgien,Georgia,
nationality,58,DE,Deutschland,Germany,
nationality,60,GR,Griechenland,Greece,
nationality,67,HU,Ungarn,Hungary,
nationality,68,IS,Island,Iceland,
nationality,69,IN,Indien,India,
nationality,70,ID,Indonesien,Indonesia,
nationality,72,IQ,Irak,Iraq,
nationality,73,IE,Irland,Ireland,
nationality,75,IT,Italien,Italy,
nationality,76,JM,Jamaika,Jamaica,
nationality,78,JO,Jordanien,Jordan,
nationality,79,KZ,Kasachstan,Kazakhstan,
nationality,80,KE,Kenia,Kenya,
nationality,115,KP,Nordkorea,North Korea,
nationality,141,KR,Südkorea,South Korea,
nationality,82,KG,Kirgisistan,Kyrgyzstan,
nationality,84,LV,Lettland,Latvia,
nationality,85,LB,Libanon,Lebanon,
nationality,88,LY,Libyen,Libya,
nationality,90,LT,Litauen,Lithuania,
nationality,91,LU,Luxemburg,Luxembourg,
nationality,92,MG,Madagaskar,Madagascar,
nationality,95,MV,Malediven,Maldives,
nationality,98,MR,Mauretanien,Mauritania,
nationality,100,MX,Mexiko,Mexico,
nationality,101,MD,Moldau,Moldova,
nationality,103,MN,Mongolei,Mongolia,
nationality,105,MA,Marokko,Morocco,
nationality,106,MZ,Mosambik,Mozambique,
nationality,110,NL,Niederlande,Netherlands,
nationality,111,NZ,Neuseeland,New Zealand,
nationality,116,MK,Nordmazedonien,North Macedonia,
nationality,117,NO,Norwegen,Norway,
nationality,121,PG,Papua-Neuguinea,Papua New Guinea,
nationality,124,PH,Philippinen,Philippines,
nationality,125,PL,Polen,Poland,
nationality,127,QA,Katar,Qatar,
nationality,128,RO,Rumänien,Romania,
nationality,129,RU,Russland,Russia,
nationality,130,RW,Ruanda,Rwanda,
nationality,131,SA,Saudi-Arabien,Saudi Arabia,
nationality,133,RS,Serbien,Serbia,
nationality,134,SC,Seychellen,Seychelles,
nationality,136,SG,Singapur,Singapore,
nationality,137,SK,Slowakei,Slovakia,
nationality,138,SI,Slowenien,Slovenia,
nationality,140,ZA,Südafrika,South Africa,
nationality,142,ES,Spanien,Spain,
nationality,145,SE,Schweden,Sweden,
nationality,146,CH,Schweiz,Switzerland,
nationality,147,SY,Syrien,Syria,
nationality,149,TJ,Tadschikistan,Tajikistan,
nationality,150,TZ,Tansania,Tanzania,
nationality,153,TN,Tunesien,Tunisia,
nationality,154,TR,Türkei,Turkey,
nationality,158,AE,Vereinigte Arabische Emirate,United Arab Emirates,
nationality,159,GB,Vereinigtes Königreich,United Kingdom,
nationality,160,US,Vereinigte Staaten,United States,
nationality,162,UZ,Usbekistan,Uzbekistan,
nationality,165,YE,Jemen,Yemen,
nationality,166,ZM,Sambia,Zambia,
nationality,167,ZW,Simbabwe,Zimbabwe,
region,1,AG,Aargau,Aargau,
region,2,AI,Appenzell Innerrhoden,Appenzell Innerrhoden,
region,3,AR,Appenzell Ausserrhoden,Appenzell Ausserrhoden,
region,4,BE,Bern,Bern,
region,5,BL,Basel-Landschaft,Basel-Landschaft,
region,6,BS,Basel-Stadt,Basel-Stadt,
region,9,GL,Glarus,Glarus,
region,11,JU,Jura,Jura,
region,13,NE,Neuchatel,Neuchâtel,
region,14,NW,Nidwalden,Nidwalden,
region,15,OW,Obwalden,Obwalden,
region,16,SG,St. Gallen,St. Gallen,
region,17,SH,Schaffhausen,Schaffhausen,
region,18,SO,Solothurn,Solothurn,
region,19,SZ,Schwyz,Schwyz,
region,20,TG,Thurgau,Thurgau,
region,22,UR,Uri,Uri,
region,25,ZG,Zug,Zug,
region,26,ZH,Zürich,Zurich,
region,24,VS,Wallis,Valais,
region,23,VD,Waadt,Vaud,
region,21,TI,Tessin,Ticino,
region,12,LU,Luzern,Lucerne,
region,10,GR,Graubünden,Graubünden,
region,8,GE,Genf,Geneva,
region,7,FR,Freiburg,Freiburg,
urbanity,1,1,Stadt / urban,City / urban,
urbanity,2,2,Vorort,Suburb,
urbanity,3,3,Ländlich,Rural,
children_in_household,1,0,0,0,
children_in_household,2,1,1,1,
children_in_household,3,2,2,2,
children_in_household,4,3,3,3,
children_in_household,5,4+,4 oder mehr,4 or more,