table_name,column_name,data_type,is_nullable,column_default
activity,activity_id,integer,NO,null
activity,subcategory_id,integer,NO,null
activity,code,text,NO,null
activity,name,text,NO,null
category,category_id,integer,NO,null
category,code,text,NO,null
category,name,text,NO,null
children_in_household,children_in_household_id,integer,NO,null
children_in_household,code,text,NO,null
children_in_household,name,text,NO,null
course,course_id,integer,NO,null
course,name,text,NO,null
course,start_date,date,NO,null
course,end_date,date,NO,null
course,is_locked,boolean,NO,false
course,anonymized_at,timestamp with time zone,YES,null
course,accessCode,text,YES,null
day,day_id,integer,NO,null
day,profiles_id,uuid,NO,null
day,course_id,integer,NO,null
day,date,date,NO,null
day,is_submitted,boolean,NO,false
day,is_complete,boolean,NO,false
day,is_valid,boolean,NO,true
day,created_at,timestamp with time zone,NO,now()
digital_media_type,digital_media_type_id,integer,NO,null
digital_media_type,code,text,NO,null
digital_media_type,name,text,NO,null
education_level,education_level_id,integer,NO,null
education_level,code,text,NO,null
education_level,name,text,NO,null
employment_status,employment_status_id,integer,NO,null
employment_status,code,text,NO,null
employment_status,name,text,NO,null
gender,gender_id,integer,NO,null
gender,code,text,NO,null
gender,name,text,NO,null
health_status,health_status_id,integer,NO,null
health_status,code,text,NO,null
health_status,name,text,NO,null
location_transport,location_transport_id,integer,NO,null
location_transport,code,text,NO,null
location_transport,name,text,NO,null
main_workplace,main_workplace_id,integer,NO,null
main_workplace,code,text,NO,null
main_workplace,name,text,NO,null
marital_status,marital_status_id,integer,NO,null
marital_status,code,text,NO,null
marital_status,name,text,NO,null
nationality,nationality_id,integer,NO,null
nationality,code,text,NO,null
nationality,name,text,NO,null
occupational_status,occupational_status_id,integer,NO,null
occupational_status,code,text,NO,null
occupational_status,name,text,NO,null
profiles,id,uuid,NO,null
profiles,role,text,NO,null
profiles,is_active,boolean,NO,true
region,region_id,integer,NO,null
region,code,text,NO,null
region,name,text,NO,null
satisfaction,satisfaction_id,integer,NO,null
satisfaction,code,text,NO,null
satisfaction,name,text,NO,null
social_context,social_context_id,integer,NO,null
social_context,code,text,NO,null
social_context,name,text,NO,null
subcategory,subcategory_id,integer,NO,null
subcategory,category_id,integer,NO,null
subcategory,code,text,NO,null
subcategory,name,text,NO,null
time_entry,entry_id,integer,NO,null
time_entry,day_id,integer,NO,null
time_entry,start_time,time without time zone,NO,null
time_entry,end_time,time without time zone,NO,null
time_entry,primary_activity_id,integer,NO,null
time_entry,secondary_activity_id,integer,YES,null
time_entry,satisfaction_id,integer,YES,null
time_entry,location_transport_id,integer,YES,null
time_entry,digital_media_used,boolean,NO,false
time_entry,digital_media_type_id,integer,YES,null
time_entry,additional_context,text,YES,null
time_entry,is_valid,boolean,NO,true
time_entry,created_at,timestamp with time zone,NO,now()
time_entry,updated_at,timestamp with time zone,NO,now()
time_entry_social_context,entry_id,integer,NO,null
time_entry_social_context,social_context_id,integer,NO,null
urbanity,urbanity_id,integer,NO,null
urbanity,code,text,NO,null
urbanity,name,text,NO,null
user_course,user_course_id,uuid,NO,gen_random_uuid()
user_course,profiles_id,uuid,NO,null
user_course,course_id,integer,NO,null
user_data,user_data_id,integer,NO,null
user_data,profiles_id,uuid,NO,null
user_data,gender_id,integer,YES,null
user_data,age,integer,YES,null
user_data,marital_status_id,integer,YES,null
user_data,partner_in_household,boolean,YES,null
user_data,children_in_household_id,integer,YES,null
user_data,education_level_id,integer,YES,null
user_data,occupational_status_id,integer,YES,null
user_data,weekly_work_hours,numeric,YES,null
user_data,main_workplace_id,integer,YES,null
user_data,health_status_id,integer,YES,null
user_data,nationality_id,integer,YES,null
user_data,region_id,integer,YES,null
user_data,urbanity_id,integer,YES,null
user_employment_status,user_data_id,integer,NO,null
user_employment_status,employment_status_id,integer,NO,null